veh_lat_rnd,veh_long_rnd,rides_on,rides_off,raw_on,raw_off
29.32,-98.43,0,0,0,0
29.33,-98.43,0,0,0,0
29.36,-98.45,193,215,193,215
29.43,-98.41,6,6,6,6
29.44,-98.38,41,39,41,39
29.45,-98.36,0,0,0,0
29.51,-98.4,4,4,4,4
29.57,-98.59,1,1,1,1
29.58,-98.32,0,0,0,0
29.63,-98.24,10,10,10,10
29.68,-98.16,0,0,0,0
29.73,-98.08,23,24,23,24
29.73,-98.07,0,0,0,0
29.75,-98.06,7,5,7,5
29.8,-95.09,2,2,2,2
29.83,-97.99,6,6,6,6
29.87,-97.94,2,2,2,2
29.89,-97.92,1,3,1,3
29.89,-97.91,13,10,13,10
29.9,-97.85,30,116,30,116
29.94,-97.88,62,40,62,40
29.98,-98.9,12,19,12,19
30.03,-97.85,4,4,4,4
30.04,-97.85,0,0,0,0
30.05,-99.03,3,1,3,1
30.05,-97.84,19,18,19,18
30.09,-97.82,35,34,35,34
30.1,-97.81,2,1,2,1
30.13,-97.65,3,4,3,4
30.13,-97.64,11537,9142,11537,9142
30.13,-97.63,1859,1597,1859,1597
30.14,-97.8,5,54,5,54
30.14,-97.79,4,6,4,6
30.14,-97.65,2122,2549,2122,2549
30.14,-97.64,9754,14706,9754,14706
30.14,-97.63,9717,8656,9717,8656
30.14,-97.62,4014,2499,4014,2499
30.15,-97.8,5039,4556,5039,4556
30.15,-97.79,5,6,5,6
30.15,-97.74,505,1502,505,1502
30.15,-97.64,31,48,31,48
30.15,-97.62,1,2,1,2
30.15,-97.56,2,3,2,3
30.16,-99.25,4,1,4,1
30.16,-97.8,285,152,285,152
30.16,-97.79,119970,120186,119970,120186
30.16,-97.75,78,73,78,73
30.16,-97.74,13085,10725,13085,10725
30.16,-97.69,1,1,1,1
30.16,-97.65,6,5,6,5
30.16,-97.64,81,88,81,88
30.17,-99.25,3,0,3,0
30.17,-97.83,931,909,931,909
30.17,-97.82,6972,8981,6972,8981
30.17,-97.81,8628,8048,8628,8048
30.17,-97.8,18083,16817,18083,16817
30.17,-97.79,1371,4759,1371,4759
30.17,-97.78,0,5,0,5
30.17,-97.75,1674,1593,1674,1593
30.17,-97.74,2389,2139,2389,2139
30.17,-97.65,1,1,1,1
30.17,-97.62,6,5,6,5
30.18,-97.9,10,12,10,12
30.18,-97.89,1,0,1,0
30.18,-97.84,4454,4306,4454,4306
30.18,-97.83,994,1138,994,1138
30.18,-97.82,24104,22057,24104,22057
30.18,-97.81,152,79,152,79
30.18,-97.8,3163,3278,3163,3278
30.18,-97.79,5956,5647,5956,5647
30.18,-97.78,429,509,429,509
30.18,-97.77,959,1178,959,1178
30.18,-97.76,5735,5632,5735,5632
30.18,-97.75,26450,25613,26450,25613
30.18,-97.74,1112,793,1112,793
30.18,-97.69,2,25,2,25
30.19,-99.33,1,0,1,0
30.19,-97.9,1,8,1,8
30.19,-97.89,1110,832,1110,832
30.19,-97.84,775,493,775,493
30.19,-97.83,1355,1290,1355,1290
30.19,-97.82,4596,4074,4596,4074
30.19,-97.81,1213,1908,1213,1908
30.19,-97.79,5000,4245,5000,4245
30.19,-97.78,49076,53592,49076,53592
30.19,-97.77,139722,128419,139722,128419
30.19,-97.76,16365,17622,16365,17622
30.19,-97.75,45404,36588,45404,36588
30.19,-97.74,21360,27794,21360,27794
30.19,-97.73,2992,2251,2992,2251
30.19,-97.71,175,174,175,174
30.19,-97.7,512,397,512,397
30.19,-97.69,4,13,4,13
30.19,-97.68,1,0,1,0
30.2,-98.11,4,3,4,3
30.2,-97.88,117,145,117,145
30.2,-97.87,471,305,471,305
30.2,-97.86,0,0,0,0
30.2,-97.85,2,2,2,2
30.2,-97.84,2538,2350,2538,2350
30.2,-97.83,1442,1196,1442,1196
30.2,-97.82,2515,1687,2515,1687
30.2,-97.81,32902,29167,32902,29167
30.2,-97.8,4597,7701,4597,7701
30.2,-97.79,55794,51603,55794,51603
30.2,-97.78,26043,27064,26043,27064
30.2,-97.77,5594,6067,5594,6067
30.2,-97.76,3991,4992,3991,4992
30.2,-97.75,25681,23899,25681,23899
30.2,-97.74,1,0,1,0
30.2,-97.73,0,1,0,1
30.2,-97.72,222,302,222,302
30.2,-97.71,2510,3126,2510,3126
30.2,-97.7,3,0,3,0
30.2,-97.69,2294,1990,2294,1990
30.2,-97.67,27566,23088,27566,23088
30.2,-97.66,0,5,0,5
30.2,-97.65,5724,4199,5724,4199
30.2,-97.64,22614,17460,22614,17460
30.2,-97.63,0,0,0,0
30.21,-99.39,1,0,1,0
30.21,-97.88,1,1,1,1
30.21,-97.87,64,98,64,98
30.21,-97.86,241,200,241,200
30.21,-97.85,1348,1290,1348,1290
30.21,-97.84,1397,700,1397,700
30.21,-97.83,6941,8064,6941,8064
30.21,-97.82,7750,5547,7750,5547
30.21,-97.81,4786,6517,4786,6517
30.21,-97.8,21126,21722,21126,21722
30.21,-97.79,3993,3770,3993,3770
30.21,-97.78,43128,42175,43128,42175
30.21,-97.77,14116,10841,14116,10841
30.21,-97.76,2,1,2,1
30.21,-97.75,13499,14902,13499,14902
30.21,-97.74,5445,9902,5445,9902
30.21,-97.73,1953,2377,1953,2377
30.21,-97.72,10389,10923,10389,10923
30.21,-97.71,1035,1345,1035,1345
30.21,-97.7,27,25,27,25
30.21,-97.69,4467,4544,4467,4544
30.21,-97.68,7,10,7,10
30.21,-97.67,31,75,31,75
30.21,-97.66,4080,4354,4080,4354
30.21,-97.65,760,413,760,413
30.21,-97.64,2898,4387,2898,4387
30.22,-97.87,34,193,34,193
30.22,-97.86,1159,1035,1159,1035
30.22,-97.85,3338,3908,3338,3908
30.22,-97.84,475,439,475,439
30.22,-97.82,1,1,1,1
30.22,-97.81,4289,4125,4289,4125
30.22,-97.8,21809,19369,21809,19369
30.22,-97.79,2696,2801,2696,2801
30.22,-97.78,1860,987,1860,987
30.22,-97.77,141211,143942,141211,143942
30.22,-97.76,36637,37832,36637,37832
30.22,-97.75,4391,3356,4391,3356
30.22,-97.74,86852,79645,86852,79645
30.22,-97.72,2632,2994,2632,2994
30.22,-97.71,12569,12058,12569,12058
30.22,-97.7,9646,15584,9646,15584
30.22,-97.69,10874,10638,10874,10638
30.22,-97.68,6,5,6,5
30.22,-97.67,236,231,236,231
30.22,-97.66,185,115,185,115
30.23,-97.94,0,0,0,0
30.23,-97.93,0,0,0,0
30.23,-97.89,1,3,1,3
30.23,-97.88,5550,6211,5550,6211
30.23,-97.87,796,725,796,725
30.23,-97.86,9302,8384,9302,8384
30.23,-97.85,47,21,47,21
30.23,-97.84,12182,10205,12182,10205
30.23,-97.83,340,271,340,271
30.23,-97.82,9425,10344,9425,10344
30.23,-97.81,204,722,204,722
30.23,-97.8,93462,92982,93462,92982
30.23,-97.79,53060,52927,53060,52927
30.23,-97.78,18484,16409,18484,16409
30.23,-97.77,27694,23827,27694,23827
30.23,-97.76,36293,36010,36293,36010
30.23,-97.75,1641,1282,1641,1282
30.23,-97.74,105824,102477,105824,102477
30.23,-97.73,195601,176449,195601,176449
30.23,-97.72,91686,84375,91686,84375
30.23,-97.71,75057,75386,75057,75386
30.23,-97.7,29635,22561,29635,22561
30.23,-97.69,1928,1832,1928,1832
30.24,-98.67,1,1,1,1
30.24,-97.9,150,68,150,68
30.24,-97.89,123,90,123,90
30.24,-97.88,1148,1096,1148,1096
30.24,-97.87,1,0,1,0
30.24,-97.86,59,83,59,83
30.24,-97.85,3,21,3,21
30.24,-97.84,2024,3838,2024,3838
30.24,-97.83,482,420,482,420
30.24,-97.82,2,7,2,7
30.24,-97.8,0,2,0,2
30.24,-97.79,27713,29783,27713,29783
30.24,-97.78,21397,21150,21397,21150
30.24,-97.77,7507,6863,7507,6863
30.24,-97.76,82021,79435,82021,79435
30.24,-97.75,102660,100912,102660,100912
30.24,-97.74,57,55,57,55
30.24,-97.73,103235,99371,103235,99371
30.24,-97.72,174108,156034,174108,156034
30.24,-97.71,82019,75335,82019,75335
30.24,-97.7,96368,92611,96368,92611
30.24,-97.69,8416,8540,8416,8540
30.25,-97.89,709,696,709,696
30.25,-97.87,12,147,12,147
30.25,-97.86,226,5,226,5
30.25,-97.81,2954,4703,2954,4703
30.25,-97.8,0,0,0,0
30.25,-97.78,21880,23077,21880,23077
30.25,-97.77,34041,35082,34041,35082
30.25,-97.76,34655,34570,34655,34570
30.25,-97.75,32485,32569,32485,32569
30.25,-97.74,9120,9756,9120,9756
30.25,-97.73,20989,18471,20989,18471
30.25,-97.72,1158,1294,1158,1294
30.25,-97.71,23593,22873,23593,22873
30.25,-97.7,1778,2018,1778,2018
30.25,-97.69,13068,13415,13068,13415
30.25,-97.68,4,24,4,24
30.26,-97.81,21167,22645,21167,22645
30.26,-97.8,8,8,8,8
30.26,-97.79,5414,4617,5414,4617
30.26,-97.78,737,2649,737,2649
30.26,-97.77,2,4,2,4
30.26,-97.76,35705,34856,35705,34856
30.26,-97.75,104007,104803,104007,104803
30.26,-97.74,57531,57138,57531,57138
30.26,-97.73,63068,65618,63068,65618
30.26,-97.72,41976,40908,41976,40908
30.26,-97.71,460263,461038,460263,461038
30.26,-97.7,15269,12875,15269,12875
30.26,-97.69,12719,14143,12719,14143
30.26,-97.68,4202,5792,4202,5792
30.27,-98.4,2,2,2,2
30.27,-97.81,74,152,74,152
30.27,-97.8,5270,5763,5270,5763
30.27,-97.79,1,2,1,2
30.27,-97.78,2075,552,2075,552
30.27,-97.77,51326,38499,51326,38499
30.27,-97.76,18188,9434,18188,9434
30.27,-97.75,636439,722038,636439,722038
30.27,-97.74,470939,434741,470939,434741
30.27,-97.73,16451,17396,16451,17396
30.27,-97.72,34139,33583,34139,33583
30.27,-97.71,31438,29224,31438,29224
30.27,-97.7,34030,33738,34030,33738
30.27,-97.69,41168,38732,41168,38732
30.27,-97.68,3206,2897,3206,2897
30.27,-97.67,4,12,4,12
30.28,-97.78,8477,9594,8477,9594
30.28,-97.77,20830,18825,20830,18825
30.28,-97.76,7353,12074,7353,12074
30.28,-97.75,12663,11562,12663,11562
30.28,-97.74,226773,261937,226773,261937
30.28,-97.73,147575,167796,147575,167796
30.28,-97.72,27936,32695,27936,32695
30.28,-97.71,42349,40282,42349,40282
30.28,-97.7,17857,19013,17857,19013
30.28,-97.69,17363,17170,17363,17170
30.28,-97.68,5974,5378,5974,5378
30.28,-97.67,11427,10538,11427,10538
30.28,-97.66,4591,3739,4591,3739
30.28,-97.65,61,82,61,82
30.28,-97.64,2,10,2,10
30.28,-97.63,163,295,163,295
30.28,-97.62,3718,3616,3718,3616
30.29,-97.78,17791,15459,17791,15459
30.29,-97.77,4174,3507,4174,3507
30.29,-97.76,3,4,3,4
30.29,-97.75,42482,39360,42482,39360
30.29,-97.74,668564,690951,668564,690951
30.29,-97.73,505600,451554,505600,451554
30.29,-97.72,29197,26496,29197,26496
30.29,-97.71,19840,19339,19840,19339
30.29,-97.7,10639,9697,10639,9697
30.29,-97.69,1214,1461,1214,1461
30.29,-97.68,21772,22814,21772,22814
30.29,-97.67,1705,1507,1705,1507
30.29,-97.66,11,19,11,19
30.29,-97.65,1110,885,1110,885
30.29,-97.64,12,11,12,11
30.29,-97.63,23273,23293,23273,23293
30.29,-97.62,242,142,242,142
30.3,-98.99,1,1,1,1
30.3,-97.78,1087,1311,1087,1311
30.3,-97.77,1895,1708,1895,1708
30.3,-97.76,1069,1108,1069,1108
30.3,-97.75,1304,1530,1304,1530
30.3,-97.74,111211,108270,111211,108270
30.3,-97.73,66603,62010,66603,62010
30.3,-97.72,117201,106853,117201,106853
30.3,-97.71,16398,16911,16398,16911
30.3,-97.7,12610,12370,12610,12370
30.3,-97.69,7779,6669,7779,6669
30.3,-97.68,42269,41716,42269,41716
30.3,-97.67,2172,2529,2172,2529
30.3,-97.66,19018,18250,19018,18250
30.3,-97.65,17324,15551,17324,15551
30.3,-97.64,3977,3660,3977,3660
30.3,-97.63,2161,1652,2161,1652
30.3,-97.62,5,28,5,28
30.31,-97.76,3168,3735,3168,3735
30.31,-97.75,7042,7274,7042,7274
30.31,-97.74,34702,35746,34702,35746
30.31,-97.73,111816,104905,111816,104905
30.31,-97.72,62370,58023,62370,58023
30.31,-97.71,43466,49522,43466,49522
30.31,-97.7,20470,13342,20470,13342
30.31,-97.69,53428,49396,53428,49396
30.31,-97.68,20505,19974,20505,19974
30.31,-97.67,57244,52576,57244,52576
30.31,-97.66,29380,31198,29380,31198
30.31,-97.65,3551,3458,3551,3458
30.31,-97.64,491,709,491,709
30.31,-97.62,1918,1670,1918,1670
30.31,-97.61,0,0,0,0
30.32,-97.76,61,65,61,65
30.32,-97.75,2626,2352,2626,2352
30.32,-97.74,23696,27953,23696,27953
30.32,-97.73,34343,33598,34343,33598
30.32,-97.72,14940,15911,14940,15911
30.32,-97.71,36896,37394,36896,37394
30.32,-97.7,35152,33673,35152,33673
30.32,-97.69,27596,30605,27596,30605
30.32,-97.68,7938,7399,7938,7399
30.32,-97.67,48,427,48,427
30.32,-97.66,2086,3171,2086,3171
30.32,-97.63,2,0,2,0
30.32,-97.62,3,95,3,95
30.33,-97.76,1277,1317,1277,1317
30.33,-97.75,1481,1348,1481,1348
30.33,-97.74,66868,65679,66868,65679
30.33,-97.73,43844,43318,43844,43318
30.33,-97.72,42109,45320,42109,45320
30.33,-97.71,145666,143239,145666,143239
30.33,-97.7,42061,44545,42061,44545
30.33,-97.69,82045,77738,82045,77738
30.33,-97.68,803,4382,803,4382
30.33,-97.67,3653,3280,3653,3280
30.33,-97.66,2932,3161,2932,3161
30.33,-97.31,0,0,0,0
30.34,-97.78,8,16,8,16
30.34,-97.76,5349,5837,5349,5837
30.34,-97.75,638,598,638,598
30.34,-97.74,3880,3341,3880,3341
30.34,-97.73,2777,2685,2777,2685
30.34,-97.72,65224,62882,65224,62882
30.34,-97.71,10016,9096,10016,9096
30.34,-97.7,5372,3307,5372,3307
30.34,-97.69,123945,120734,123945,120734
30.34,-97.68,17495,16047,17495,16047
30.34,-97.67,637,811,637,811
30.34,-97.66,1285,1349,1285,1349
30.35,-99.59,3,0,3,0
30.35,-97.78,1,1,1,1
30.35,-97.76,14288,14962,14288,14962
30.35,-97.75,33226,35517,33226,35517
30.35,-97.74,10689,14834,10689,14834
30.35,-97.73,38315,45380,38315,45380
30.35,-97.72,5225,4921,5225,4921
30.35,-97.71,329290,319741,329290,319741
30.35,-97.7,16765,18198,16765,18198
30.35,-97.69,5,5,5,5
30.35,-97.68,29835,26536,29835,26536
30.35,-97.67,0,0,0,0
30.36,-97.79,0,0,0,0
30.36,-97.77,3,3,3,3
30.36,-97.76,435,544,435,544
30.36,-97.75,58626,46905,58626,46905
30.36,-97.74,40291,36934,40291,36934
30.36,-97.73,57929,50252,57929,50252
30.36,-97.72,30974,31643,30974,31643
30.36,-97.71,1226,683,1226,683
30.36,-97.7,199687,184460,199687,184460
30.36,-97.69,55398,57353,55398,57353
30.36,-97.68,15920,12575,15920,12575
30.37,-97.8,0,0,0,0
30.37,-97.76,4766,3500,4766,3500
30.37,-97.75,1901,3833,1901,3833
30.37,-97.74,2930,2640,2930,2640
30.37,-97.73,16516,18296,16516,18296
30.37,-97.72,216784,217357,216784,217357
30.37,-97.71,26902,32972,26902,32972
30.37,-97.7,22687,21370,22687,21370
30.37,-97.69,30581,26615,30581,26615
30.37,-97.68,2,2,2,2
30.37,-97.67,1699,1543,1699,1543
30.37,-97.66,0,3,0,3
30.38,-97.74,11,16,11,16
30.38,-97.73,10131,8837,10131,8837
30.38,-97.72,119109,121975,119109,121975
30.38,-97.71,10017,8710,10017,8710
30.38,-97.69,30209,33635,30209,33635
30.38,-97.68,5897,2856,5897,2856
30.38,-97.67,3550,3331,3550,3331
30.38,-97.66,5276,3855,5276,3855
30.39,-98.09,2,3,2,3
30.39,-97.84,55,53,55,53
30.39,-97.83,1,1,1,1
30.39,-97.77,0,0,0,0
30.39,-97.76,56,58,56,58
30.39,-97.75,11043,13858,11043,13858
30.39,-97.74,35120,32398,35120,32398
30.39,-97.73,24736,26757,24736,26757
30.39,-97.72,55595,54617,55595,54617
30.39,-97.71,20131,19531,20131,19531
30.39,-97.7,1764,1812,1764,1812
30.39,-97.69,1113,704,1113,704
30.39,-97.68,2380,2619,2380,2619
30.39,-97.67,1,6,1,6
30.39,-97.66,2742,2488,2742,2488
30.4,-97.84,1,0,1,0
30.4,-97.75,27860,27729,27860,27729
30.4,-97.74,1948,4200,1948,4200
30.4,-97.73,2276,2381,2276,2381
30.4,-97.72,45355,47748,45355,47748
30.4,-97.71,6367,6300,6367,6300
30.4,-97.7,22362,19208,22362,19208
30.4,-97.68,1195,1980,1195,1980
30.4,-97.67,3100,2857,3100,2857
30.4,-97.66,3114,2452,3114,2452
30.4,-97.61,5,11,5,11
30.41,-97.85,182,226,182,226
30.41,-97.75,7565,5237,7565,5237
30.41,-97.74,613,1440,613,1440
30.41,-97.72,995,926,995,926
30.41,-97.71,3592,4850,3592,4850
30.41,-97.7,13787,12588,13787,12588
30.41,-97.69,6132,6781,6132,6781
30.41,-97.68,9289,8108,9289,8108
30.41,-97.67,152,696,152,696
30.41,-97.66,855,1694,855,1694
30.41,-97.65,0,0,0,0
30.42,-97.85,0,1,0,1
30.42,-97.76,0,2,0,2
30.42,-97.75,4584,4716,4584,4716
30.42,-97.72,330,293,330,293
30.42,-97.71,192,83,192,83
30.42,-97.7,10367,10131,10367,10131
30.42,-97.69,3469,2582,3469,2582
30.42,-97.68,5004,5558,5004,5558
30.42,-97.67,147592,146673,147592,146673
30.42,-97.66,646,950,646,950
30.43,-97.84,0,1,0,1
30.43,-97.77,6086,7408,6086,7408
30.43,-97.76,39534,35435,39534,35435
30.43,-97.75,764,2405,764,2405
30.43,-97.7,0,0,0,0
30.43,-97.69,0,0,0,0
30.43,-97.68,8632,7778,8632,7778
30.43,-97.67,2,16,2,16
30.43,-97.66,1,3,1,3
30.43,-97.65,823,1014,823,1014
30.44,-97.79,1,1,1,1
30.44,-97.78,1593,4016,1593,4016
30.44,-97.77,6179,2099,6179,2099
30.44,-97.71,0,0,0,0
30.44,-97.7,48392,45966,48392,45966
30.44,-97.69,4489,4979,4489,4979
30.44,-97.68,4292,4285,4292,4285
30.44,-97.67,2323,3713,2323,3713
30.44,-97.66,3514,2737,3514,2737
30.44,-97.65,0,0,0,0
30.45,-97.81,177,184,177,184
30.45,-97.8,1998,2124,1998,2124
30.45,-97.79,6475,6529,6475,6529
30.45,-97.78,8,58,8,58
30.45,-97.69,452,226,452,226
30.45,-97.67,3,3,3,3
30.46,-100.29,0,1,0,1
30.46,-97.82,0,0,0,0
30.46,-97.8,8077,7137,8077,7137
30.46,-97.79,6805,6119,6805,6119
30.46,-97.69,3,3,3,3
30.46,-97.67,5,4,5,4
30.47,-97.8,8020,8914,8020,8914
30.47,-97.79,4901,4099,4901,4099
30.47,-97.75,1,0,1,0
30.48,-97.81,15,58,15,58
30.48,-97.8,2362,3529,2362,3529
30.48,-97.79,83541,82043,83541,82043
30.48,-97.78,0,0,0,0
30.48,-97.77,74,72,74,72
30.48,-97.76,2,2,2,2
30.48,-97.75,0,0,0,0
30.48,-97.74,0,0,0,0
30.49,-100.35,1,0,1,0
30.49,-100.01,1,1,1,1
30.49,-97.81,0,0,0,0
30.5,-97.97,0,4,0,4
30.5,-97.81,33,5,33,5
30.5,-97.8,1,1,1,1
30.5,-97.68,7,2,7,2
30.51,-99.78,1,1,1,1
30.51,-97.82,1,1,1,1
30.51,-97.81,73,13,73,13
30.52,-97.82,4,2,4,2
30.52,-97.81,53,6,53,6
30.52,-97.69,0,4,0,4
30.53,-97.83,0,0,0,0
30.53,-97.82,0,0,0,0
30.53,-97.69,4,4,4,4
30.54,-97.97,0,0,0,0
30.54,-97.82,9,8,9,8
30.54,-97.69,1,3,1,3
30.55,-97.97,0,3,0,3
30.55,-97.84,0,0,0,0
30.55,-97.82,4,3,4,3
30.56,-97.84,0,0,0,0
30.56,-97.82,2,70,2,70
30.57,-97.85,0,0,0,0
30.57,-97.83,4,45,4,45
30.57,-97.69,2,2,2,2
30.58,-100.65,1,1,1,1
30.58,-97.86,0,0,0,0
30.58,-97.85,26,31,26,31
30.58,-97.84,1,58,1,58
30.58,-97.83,14,10,14,10
30.59,-97.86,32555,31016,32555,31016
30.59,-97.85,126,125,126,125
30.59,-97.84,2,2,2,2
30.6,-97.85,8,9,8,9
30.61,-100.75,1,3,1,3
30.61,-97.21,3,3,3,3
30.62,-100.79,1,0,1,0
30.62,-100.75,3,0,3,0
30.64,-97.69,0,0,0,0
30.65,-97.02,3,3,3,3
30.69,-101.27,0,0,0,0
30.7,-101.09,5,5,5,5
30.71,-97.65,0,0,0,0
30.84,-97.6,2,2,2,2
30.86,-102.59,1,1,1,1
30.86,-102.55,6,0,6,0
30.86,-98.82,3,3,3,3
30.87,-97.58,1,1,1,1
30.88,-96.6,3,3,3,3
30.88,-96.59,1,1,1,1
30.89,-102.85,3,2,3,2
30.89,-102.28,0,0,0,0
30.89,-97.93,0,0,0,0
30.89,-96.62,56,61,56,61
30.9,-102.91,1,1,1,1
30.9,-102.85,0,0,0,0
30.9,-97.56,1,1,1,1
30.9,-96.6,7,7,7,7
30.91,-102.89,1,2,1,2
30.91,-97.55,1,1,1,1
30.92,-97.5,2,2,2,2
30.93,-97.54,2,3,2,3
30.93,-97.5,6,5,6,5
30.94,-103.36,0,0,0,0
30.94,-103.31,1,1,1,1
30.94,-98.03,0,1,0,1
30.94,-97.54,0,0,0,0
30.94,-97.51,853,818,853,818
30.95,-97.51,2,1,2,1
30.99,-103.66,2,2,2,2
31,-103.69,0,2,0,2
31.03,-104.86,1,1,1,1
31.03,-104.85,1,1,1,1
31.04,-104.83,1,1,1,1
31.04,-104.82,14,12,14,12
31.05,-104.61,2,1,2,1
31.07,-98.19,1,1,1,1
31.07,-98.18,0,0,0,0
31.08,-104.06,0,0,0,0
31.09,-104.03,0,0,0,0
31.12,-97.35,22,27,22,27
31.19,-105.61,0,1,0,1
31.19,-105.43,2,2,2,2
31.21,-105.49,0,1,0,1
31.22,-98.39,1,1,1,1
31.39,-97.21,4,4,4,4
31.45,-98.57,1,1,1,1
31.51,-106.12,1,1,1,1
31.51,-97.2,70,68,70,68
31.51,-97.19,2,2,2,2
31.51,-97.18,10,11,10,11
31.51,-97.15,1,2,1,2
31.52,-106.13,5,6,5,6
31.66,-106.24,11,9,11,9
31.67,-98.79,2,0,2,0
31.68,-106.26,0,1,0,1
31.7,-99,0,0,0,0
31.73,-98.99,3,2,3,2
31.74,-98.95,3,3,3,3
31.75,-106.34,1,2,1,2
31.78,-106.45,0,0,0,0
31.84,-106.57,11,11,11,11
31.84,-99.42,1,1,1,1
31.9,-97.09,6,6,6,6
31.93,-97.1,1,1,1,1
31.96,-110.35,2,2,2,2
31.96,-110.34,2,2,2,2
31.96,-106.58,2,2,2,2
31.98,-110.54,1,0,1,0
31.99,-110.6,0,1,0,1
32,-110.69,1,1,1,1
32,-106.59,0,0,0,0
32,-106.58,0,0,0,0
32.01,-97.1,5,4,5,4
32.03,-110.72,1,1,1,1
32.06,-110.08,3,3,3,3
32.07,-106.61,0,0,0,0
32.13,-110.87,7,2,7,2
32.13,-106.64,4,4,4,4
32.17,-97.13,1,0,1,0
32.18,-109.95,1,0,1,0
32.23,-109.05,1,0,1,0
32.24,-109.09,1,1,1,1
32.24,-107.99,5,5,5,5
32.25,-107.12,1,0,1,0
32.26,-109.84,2,3,2,3
32.26,-109.21,1,1,1,1
32.26,-107.01,1,1,1,1
32.27,-109.85,1,2,1,2
32.27,-109.84,1,1,1,1
32.27,-109.24,0,0,0,0
32.27,-107.75,0,0,0,0
32.27,-107.73,0,2,0,2
32.28,-106.87,4,3,4,3
32.29,-106.79,4,1,4,1
32.34,-108.7,8,6,8,6
32.35,-109.74,0,1,0,1
32.35,-108.74,6,10,6,10
32.36,-109.68,1,1,1,1
32.4,-99.39,0,0,0,0
32.4,-99.38,1,2,1,2
32.43,-99.58,2,2,2,2
32.44,-111.18,0,0,0,0
32.44,-98.69,1,0,1,0
32.45,-100.44,15,9,15,9
32.46,-99.87,4,5,4,5
32.46,-99.86,42,21,42,21
32.46,-99.85,0,0,0,0
32.47,-100.6,0,0,0,0
32.48,-99.7,2,2,2,2
32.49,-100.21,0,0,0,0
32.49,-99.74,7,7,7,7
32.49,-99.72,9,8,9,8
32.63,-100.76,2,2,2,2
32.7,-100.87,1,2,1,2
32.73,-111.55,0,1,0,1
32.74,-97.77,0,0,0,0
32.81,-111.67,26,19,26,19
32.82,-111.67,13,10,13,10
32.95,-111.71,0,0,0,0
33.04,-111.78,1,2,1,2
33.06,-97.48,2,2,2,2
33.19,-101.38,1,3,1,3
33.21,-101.42,0,1,0,1
33.28,-111.96,9,6,9,6
33.44,-101.67,0,0,0,0
33.46,-112.78,2,2,2,2
33.47,-112.36,1,2,1,2
33.52,-113.07,2,1,2,1
33.53,-101.88,1,1,1,1
33.59,-101.85,4,4,4,4
33.6,-114.52,8,8,8,8
33.61,-114.73,3,3,3,3
33.61,-114.61,4,3,4,3
33.61,-114.6,10,10,10,10
33.61,-114.47,3,3,3,3
33.61,-113.65,1,2,1,2
33.62,-114.45,1,1,1,1
33.62,-114.44,4,3,4,3
33.63,-113.77,4,5,4,5
33.66,-114.24,2,1,2,1
33.67,-115.65,1,0,1,0
33.67,-114.2,1,0,1,0
33.71,-115.34,0,0,0,0
33.72,-116.17,3,3,3,3
33.8,-116.38,2,2,2,2
33.8,-102.15,0,0,0,0
33.82,-116.4,5,7,5,7
33.88,-117.22,6,12,6,12
33.9,-116.55,0,0,0,0
33.91,-117.17,2,2,2,2
33.92,-118.33,6,5,6,5
33.92,-116.95,1,2,1,2
33.92,-116.9,0,1,0,1
33.93,-116.95,0,1,0,1
33.93,-98.52,5,7,5,7
33.94,-98.52,0,1,0,1
33.95,-98.6,2,2,2,2
34.01,-117.08,0,1,0,1
34.02,-117.46,0,0,0,0
34.02,-117.34,1,1,1,1
34.11,-117.54,2,2,2,2
34.38,-118.57,0,0,0,0
34.39,-118.57,0,0,0,0
34.41,-103.35,5,1,5,1
34.42,-103.63,1,1,1,1
34.43,-103.84,1,1,1,1
34.44,-104.1,1,0,1,0
34.44,-100.23,0,2,0,2
34.45,-103.88,0,0,0,0
34.73,-114.32,5,6,5,6
34.8,-115.32,0,0,0,0
34.81,-115.22,2,2,2,2
34.82,-118.89,6,2,6,2
34.82,-118.88,1,1,1,1
34.83,-118.87,1,1,1,1
34.83,-116.69,0,0,0,0
34.85,-117.09,2,2,2,2
34.85,-114.63,4,3,4,3
34.85,-114.62,1,1,1,1
34.86,-117.09,4,7,4,7
34.86,-117.08,7,5,7,5
34.88,-117.09,1,1,1,1
34.89,-117,2,2,2,2
34.9,-117.01,1,1,1,1
34.91,-110.21,0,0,0,0
34.94,-104.64,0,0,0,0
34.95,-104.64,2,2,2,2
34.96,-117.43,1,0,1,0
34.98,-107.17,0,0,0,0
34.99,-118.95,0,0,0,0
35,-106.03,2,1,2,1
35,-105.85,2,2,2,2
35.01,-117.72,5,4,5,4
35.01,-106.07,3,2,3,2
35.01,-106.06,8,6,8,6
35.01,-106.04,0,2,0,2
35.01,-105.88,0,0,0,0
35.01,-105.62,0,0,0,0
35.02,-110.68,1,3,1,3
35.02,-110.67,0,0,0,0
35.03,-116.47,4,2,4,2
35.03,-110.69,0,0,0,0
35.03,-107.48,3,2,3,2
35.03,-106.95,9,9,9,9
35.04,-110.7,0,1,0,1
35.06,-109.78,2,3,2,3
35.06,-106.79,4,2,4,2
35.08,-106.75,5,4,5,4
35.09,-106.74,0,0,0,0
35.11,-118.32,4,3,4,3
35.11,-111.01,1,2,1,2
35.13,-109.54,0,0,0,0
35.14,-118.45,3,3,3,3
35.14,-118.43,0,1,0,1
35.14,-114.09,0,0,0,0
35.16,-113.63,1,1,1,1
35.16,-103.7,0,2,0,2
35.18,-107.9,0,0,0,0
35.19,-114.06,1,2,1,2
35.19,-113.45,4,4,4,4
35.19,-113.37,3,3,3,3
35.19,-111.71,1,1,1,1
35.19,-102.01,1,1,1,1
35.19,-101.88,0,1,0,1
35.19,-101.74,0,0,0,0
35.2,-113.9,6,4,6,4
35.2,-111.61,3,4,3,4
35.2,-101.74,0,1,0,1
35.21,-114.04,1,3,1,3
35.21,-114.03,1,0,1,0
35.21,-114.01,2,1,2,1
35.22,-114.04,2,3,2,3
35.22,-112.5,0,0,0,0
35.22,-112.24,1,2,1,2
35.23,-112.63,0,0,0,0
35.23,-112.23,1,1,1,1
35.24,-111.82,1,1,1,1
35.25,-118.6,1,1,1,1
35.35,-118.95,14,9,14,9
35.35,-118.92,1,1,1,1
35.36,-109.05,8,8,8,8
35.38,-119.05,1,1,1,1
35.4,-119.4,6,6,6,6
35.4,-109.01,4,2,4,2
35.41,-119.06,0,0,0,0
35.42,-119.06,0,1,0,1
35.44,-119.08,0,0,0,0
35.48,-108.9,0,0,0,0
35.49,-108.9,4,3,4,3
35.5,-119.53,0,0,0,0
35.51,-108.83,9,9,9,9
35.53,-108.73,1,1,1,1
35.53,-108.67,20,21,20,21
35.57,-119.61,0,0,0,0
35.6,-119.36,5,6,5,6
35.6,-119.35,1,1,1,1
35.6,-119.34,3,3,3,3
35.61,-119.66,3,3,3,3
35.61,-115.39,2,2,2,2
35.62,-119.66,8,8,8,8
35.62,-119.65,3,1,3,1
35.97,-114.86,1,1,1,1
36.04,-120.04,0,0,0,0
36.09,-120.12,2,2,2,2
36.11,-119.32,1,1,1,1
36.17,-115.14,9,4,9,4
36.18,-119.33,3,3,3,3
36.24,-115.07,0,0,0,0
36.24,-115.06,2,1,2,1
36.25,-120.25,2,2,2,2
36.26,-120.25,0,0,0,0
36.28,-115.03,6,5,6,5
36.29,-120.27,1,1,1,1
36.46,-120.42,0,0,0,0
36.57,-119.63,16,17,16,17
36.6,-120.59,1,1,1,1
36.64,-120.63,2,2,2,2
36.78,-114.27,0,0,0,0
36.83,-119.92,4,3,4,3
36.86,-120.78,0,0,0,0
36.99,-104.49,0,1,0,1
36.99,-104.48,1,0,1,0
37,-121.55,4,2,4,2
37.02,-120.13,2,0,2,0
37.05,-121.02,1,1,1,1
37.05,-121.01,2,0,2,0
37.11,-121.02,3,4,3,4
37.11,-113.56,8,8,8,8
37.12,-121.62,1,2,1,2
37.4,-121.14,0,0,0,0
37.46,-121.14,15,14,15,14
37.47,-121.13,2,3,2,3
37.53,-121.26,0,0,0,0
37.54,-121.27,36,37,36,37
37.54,-121.26,12,11,12,11
37.58,-122.05,1,2,1,2
37.58,-121.32,3,3,3,3
37.6,-122.07,0,0,0,0
37.61,-122.07,3,4,3,4
37.61,-122.06,0,1,0,1
37.62,-122.14,2,1,2,1
37.62,-122.13,0,0,0,0
37.62,-122.12,0,0,0,0
37.63,-122.13,46,35,46,35
37.63,-122.12,14216,12740,14216,12740
37.63,-122.11,12,11,12,11
37.63,-122.08,1,1,1,1
37.65,-122.09,1,0,1,0
37.66,-122.13,33,34,33,34
37.67,-122.11,1,1,1,1
37.69,-122.13,1,1,1,1
37.69,-122.07,1,1,1,1
37.7,-121.97,2,2,2,2
37.7,-121.74,2,2,2,2
37.72,-121.66,0,0,0,0
37.73,-113.05,1,1,1,1
37.74,-121.59,1,1,1,1
38.34,-104.62,5,7,5,7
38.72,-104.73,2,3,2,3
38.9,-110.54,3,2,3,2
39.11,-108.64,3,2,3,2
39.17,-76.88,0,0,0,0
39.21,-106.96,18,15,18,15
39.21,-106.95,18,15,18,15
39.55,-107.33,12,14,12,14
39.56,-107.36,7,6,7,6
39.73,-105.17,4,4,4,4
